# 時間 $t$ / \si{s}	水温$T$ / \si{\celsius}
0	16.00
7.265948523	19.00
7.427010828	22.00
10.8883788	22.00
10.95677669	23.00
13.02539271	25.00
14.40974876	26.00
19.99521045	26.00
22.72487881	27.00
23.23518709	29.00
